{
    "loss": 2.712411880493164,
    "accuracy": 0.6666666865348816
}