{
    "loss": 2.710876226425171,
    "accuracy": 0.7222222089767456
}